<?xml version="1.0" encoding="UTF-8"?><QuestionList AutoAdvance=""><Q Title="Age" Descrip="What is your age?" A="14-18" B="19-24" C="25-40" D="41-60" E="61+" A_Votes="" B_Votes="" C_Votes="" D_Votes="" E_Votes="" SavePoll="True" Selected="False"/><Q Title="Area" Descrip="What best describes the type of area you live in?" A="Rural" B="Urban" C="Suburban" D="" E="" A_Votes="" B_Votes="" C_Votes="" D_Votes="" E_Votes="" SavePoll="True" Selected="False"/><Q Title="Athletics" Descrip="Do you belong to any of this school&apos;s athletics organizations?" A="Yes" B="No" C="" D="" E="" A_Votes="" B_Votes="" C_Votes="" D_Votes="" E_Votes="" SavePoll="True" Selected="False"/><Q Title="Birthplace" Descrip="Where were you born?" A="North America or South America" B="Europe" C="Asia" D="Africa" E="Australia" A_Votes="" B_Votes="" C_Votes="" D_Votes="" E_Votes="" SavePoll="True" Selected="False"/><Q Title="Blindness" Descrip="Are you legally blind?" A="Yes" B="No" C="" D="" E="" A_Votes="" B_Votes="" C_Votes="" D_Votes="" E_Votes="" SavePoll="True" Selected="False"/><Q Title="Born in United States" Descrip="Were you born in the United States?" A="Yes" B="No" C="" D="" E="" A_Votes="" B_Votes="" C_Votes="" D_Votes="" E_Votes="" SavePoll="True" Selected="False"/><Q Title="Campus Safety" Descrip="How safe do you feel on campus?" A="Very Safe" B="Safe" C="Not Safe" D="Very Unsafe" E="" A_Votes="" B_Votes="" C_Votes="" D_Votes="" E_Votes="" SavePoll="True" Selected="False"/><Q Title="Cancer" Descrip="Have you ever had cancer?" A="Yes" B="No" C="" D="" E="" A_Votes="" B_Votes="" C_Votes="" D_Votes="" E_Votes="" SavePoll="True" Selected="False"/><Q Title="Charitable Donations" Descrip="In the past year did you donate to any charities?" A="Yes" B="No" C="" D="" E="" A_Votes="" B_Votes="" C_Votes="" D_Votes="" E_Votes="" SavePoll="True" Selected="False"/><Q Title="Charities" Descrip="Do you belong to any charitable organizations?" A="Yes" B="No" C="" D="" E="" A_Votes="" B_Votes="" C_Votes="" D_Votes="" E_Votes="" SavePoll="True" Selected="False"/><Q Title="Children" Descrip="How many children under the age of 16 live in your household?" A="None" B="1" C="2" D="3" E="4 or more" A_Votes="" B_Votes="" C_Votes="" D_Votes="" E_Votes="" SavePoll="True" Selected="False"/><Q Title="Citizenship" Descrip="Are you a citizen of the United States?" A="Yes" B="No" C="" D="" E="" A_Votes="" B_Votes="" C_Votes="" D_Votes="" E_Votes="" SavePoll="True" Selected="False"/><Q Title="Civic Involvement" Descrip="How many civic or community organizations do you belong to?" A="None" B="1" C="2" D="3" E="4 or more" A_Votes="" B_Votes="" C_Votes="" D_Votes="" E_Votes="" SavePoll="True" Selected="False"/><Q Title="Colorblind" Descrip="Are you colorblind?" A="Yes" B="No" C="" D="" E="" A_Votes="" B_Votes="" C_Votes="" D_Votes="" E_Votes="" SavePoll="True" Selected="False"/><Q Title="Commute" Descrip="How do you commute to campus?" A="Walk" B="Bike" C="Car" D="Bus" E="Train" A_Votes="" B_Votes="" C_Votes="" D_Votes="" E_Votes="" SavePoll="True" Selected="False"/><Q Title="Commute Time" Descrip="How long does it take you to get to the classroom from work or home?" A="Less than 10 minutes" B="11-20 minutes" C="21-40 minutes" D="41-60 minutes" E="Over an hour" A_Votes="" B_Votes="" C_Votes="" D_Votes="" E_Votes="" SavePoll="True" Selected="False"/><Q Title="Computers" Descrip="How comfortable are you using computers?" A="Very Comfortable" B="Comfortable" C="Not Comfortable" D="" E="" A_Votes="" B_Votes="" C_Votes="" D_Votes="" E_Votes="" SavePoll="True" Selected="False"/><Q Title="Course Accessibility" Descrip="How accessible is this course to people with disabilities?" A="Very Accessible" B="Accessible" C="Partially Unaccessible" D="Unaccessible" E="" A_Votes="" B_Votes="" C_Votes="" D_Votes="" E_Votes="" SavePoll="True" Selected="False"/><Q Title="Course Satisfaction" Descrip="How satisfied are you with this course?" A="Very Satisfied" B="Satisfied" C="Unsatisfied" D="Very Unsatisfied" E="" A_Votes="" B_Votes="" C_Votes="" D_Votes="" E_Votes="" SavePoll="True" Selected="False"/><Q Title="Credits" Descrip="How many course credits are you currently taking?" A="1 to 4" B="5 to 8" C="9 to 12" D="13 to 16" E="17 and higher" A_Votes="" B_Votes="" C_Votes="" D_Votes="" E_Votes="" SavePoll="True" Selected="False"/><Q Title="Deaf" Descrip="Are you deaf?" A="Yes" B="No" C="" D="" E="" A_Votes="" B_Votes="" C_Votes="" D_Votes="" E_Votes="" SavePoll="True" Selected="False"/><Q Title="Dental Insurance" Descrip="Do you have dental insurance?" A="Yes" B="No" C="" D="" E="" A_Votes="" B_Votes="" C_Votes="" D_Votes="" E_Votes="" SavePoll="True" Selected="False"/><Q Title="Depression" Descrip="Have you suffered from depression?" A="Yes" B="No" C="" D="" E="" A_Votes="" B_Votes="" C_Votes="" D_Votes="" E_Votes="" SavePoll="True" Selected="False"/><Q Title="Diabetes" Descrip="Do you have diabetes?" A="Yes" B="No" C="" D="" E="" A_Votes="" B_Votes="" C_Votes="" D_Votes="" E_Votes="" SavePoll="True" Selected="False"/><Q Title="Disability" Descrip="Do you have a disability?" A="Yes" B="No" C="" D="" E="" A_Votes="" B_Votes="" C_Votes="" D_Votes="" E_Votes="" SavePoll="True" Selected="False"/><Q Title="Disability Type" Descrip="What is your disability type?" A="Vision impaired" B="Hearing impaired" C="Cognitively impaired" D="Motor Control disability" E="Not disabled" A_Votes="" B_Votes="" C_Votes="" D_Votes="" E_Votes="" SavePoll="True" Selected="False"/><Q Title="Domestic Violence" Descrip="Have you been the victim of domestic violence?" A="Yes" B="No" C="" D="" E="" A_Votes="" B_Votes="" C_Votes="" D_Votes="" E_Votes="" SavePoll="True" Selected="False"/><Q Title="Education" Descrip="What is the highest level of education that you have completed?" A="Grade School" B="High School or GED" C="2 year degree" D="4 year degree" E="Masters or PhD" A_Votes="" B_Votes="" C_Votes="" D_Votes="" E_Votes="" SavePoll="True" Selected="False"/><Q Title="Eldest Child" Descrip="Are you the eldest child in your family?" A="Yes" B="No" C="" D="" E="" A_Votes="" B_Votes="" C_Votes="" D_Votes="" E_Votes="" SavePoll="True" Selected="False"/><Q Title="Email Access" Descrip="How often do you check your email?" A="Daily" B="Weekly" C="Monthly" D="Less than once a month" E="Never" A_Votes="" B_Votes="" C_Votes="" D_Votes="" E_Votes="" SavePoll="True" Selected="False"/><Q Title="Employer Type" Descrip="What category does your employer fit it into?" A="For-Profit Business" B="Not-for-Profit Organization" C="Local Government" D="Federal or State Government" E="Military" A_Votes="" B_Votes="" C_Votes="" D_Votes="" E_Votes="" SavePoll="True" Selected="False"/><Q Title="Employment Status" Descrip="What is you employment status?" A="Employed" B="Unemployed" C="Student" D="Homemaker" E="Retired" A_Votes="" B_Votes="" C_Votes="" D_Votes="" E_Votes="" SavePoll="True" Selected="False"/><Q Title="English Primary" Descrip="Is English your primary language?" A="Yes" B="No" C="" D="" E="" A_Votes="" B_Votes="" C_Votes="" D_Votes="" E_Votes="" SavePoll="True" Selected="False"/><Q Title="English Skills" Descrip="How well do you speak English?" A="Very well" B="Well" C="Not well" D="Not at all" E="" A_Votes="" B_Votes="" C_Votes="" D_Votes="" E_Votes="" SavePoll="True" Selected="False"/><Q Title="Exercise" Descrip="How often do you exercise?" A="Daily" B="Weekly" C="Monthly" D="Less than once a month" E="Not at All" A_Votes="" B_Votes="" C_Votes="" D_Votes="" E_Votes="" SavePoll="True" Selected="False"/><Q Title="Extracurricular" Descrip="Do you belong to any extracurricular organizations?" A="Yes" B="No" C="" D="" E="" A_Votes="" B_Votes="" C_Votes="" D_Votes="" E_Votes="" SavePoll="True" Selected="False"/><Q Title="Father Born in United States" Descrip="Was your father born in the United States?" A="Yes" B="No" C="" D="" E="" A_Votes="" B_Votes="" C_Votes="" D_Votes="" E_Votes="" SavePoll="True" Selected="False"/><Q Title="Father's Birthplace" Descrip="Where was your father born?" A="North America or South America" B="Europe" C="Asia" D="Africa" E="Australia" A_Votes="" B_Votes="" C_Votes="" D_Votes="" E_Votes="" SavePoll="True" Selected="False"/><Q Title="Father's Education" Descrip="What is the highest level of education that your father has completed?" A="Grade School" B="High School or GED" C="2 year degree" D="4 year degree" E="Masters of PhD" A_Votes="" B_Votes="" C_Votes="" D_Votes="" E_Votes="" SavePoll="True" Selected="False"/><Q Title="Felony" Descrip="Have you committed a felony within the last seven years?" A="Yes" B="No" C="" D="" E="" A_Votes="" B_Votes="" C_Votes="" D_Votes="" E_Votes="" SavePoll="True" Selected="False"/><Q Title="Financial Aid" Descrip="Are you currently receiving financial assistance?" A="Yes" B="No" C="" D="" E="" A_Votes="" B_Votes="" C_Votes="" D_Votes="" E_Votes="" SavePoll="True" Selected="False"/><Q Title="Full-time Student" Descrip="Are you a full-time student?" A="Yes" B="No" C="" D="" E="" A_Votes="" B_Votes="" C_Votes="" D_Votes="" E_Votes="" SavePoll="True" Selected="False"/><Q Title="Gender" Descrip="What is your gender?" A="Male" B="Female" C="Transgender" D="" E="" A_Votes="" B_Votes="" C_Votes="" D_Votes="" E_Votes="" SavePoll="True" Selected="False"/><Q Title="Handedness" Descrip="Would you describe yourself as?" A="Right-handed" B="Left-handed" C="Ambidextrous" D="" E="" A_Votes="" B_Votes="" C_Votes="" D_Votes="" E_Votes="" SavePoll="True" Selected="False"/><Q Title="Handicap Accessible" Descrip="Are the campus buildings and facilities handicap accessible?" A="Very accessible" B="Accessible" C="Partially unaccessible" D="Unaccessible" E="" A_Votes="" B_Votes="" C_Votes="" D_Votes="" E_Votes="" SavePoll="True" Selected="False"/><Q Title="Health Insurance" Descrip="Do you have health insurance?" A="Yes" B="No" C="" D="" E="" A_Votes="" B_Votes="" C_Votes="" D_Votes="" E_Votes="" SavePoll="True" Selected="False"/><Q Title="Income" Descrip="What is your yearly income?" A="Less than 10,000" B="10,000-29,999" C="30,000-59,999" D="60,000-99,999" E="More than 100,000" A_Votes="" B_Votes="" C_Votes="" D_Votes="" E_Votes="" SavePoll="True" Selected="False"/><Q Title="Instructor" Descrip="How satisfied are you with the course&apos;s instructor?" A="Very Satisfied" B="Satisfied" C="Unsatisfied" D="Very Unsatisfied" E="" A_Votes="" B_Votes="" C_Votes="" D_Votes="" E_Votes="" SavePoll="True" Selected="False"/><Q Title="Internet Access" Descrip="How often do you access the internet?" A="Daily" B="Weekly" C="Monthly" D="Less than once a month" E="Never" A_Votes="" B_Votes="" C_Votes="" D_Votes="" E_Votes="" SavePoll="True" Selected="False"/><Q Title="Jury Duty" Descrip="Have you ever served on a jury?" A="Yes" B="No" C="" D="" E="" A_Votes="" B_Votes="" C_Votes="" D_Votes="" E_Votes="" SavePoll="True" Selected="False"/><Q Title="Language" Descrip="What is your primary language?" A="English" B="Spanish" C="Chinese" D="Korean" E="Arabic" A_Votes="" B_Votes="" C_Votes="" D_Votes="" E_Votes="" SavePoll="True" Selected="False"/><Q Title="Literacy" Descrip="Are you literate in the English language?" A="Yes" B="No" C="" D="" E="" A_Votes="" B_Votes="" C_Votes="" D_Votes="" E_Votes="" SavePoll="True" Selected="False"/><Q Title="Living Arrangements" Descrip="Where do you live?" A="Dormitory" B="Apartment" C="Mobile Home" D="Co op" E="House" A_Votes="" B_Votes="" C_Votes="" D_Votes="" E_Votes="" SavePoll="True" Selected="False"/><Q Title="Major" Descrip="What is your major?" A="Business" B="Engineering" C="Liberal Arts" D="Medicine" E="Science" A_Votes="" B_Votes="" C_Votes="" D_Votes="" E_Votes="" SavePoll="True" Selected="False"/><Q Title="Marital Status" Descrip="What is your marital status?" A="Single, Never Married" B="Married" C="Separated" D="Divorced" E="Widowed" A_Votes="" B_Votes="" C_Votes="" D_Votes="" E_Votes="" SavePoll="True" Selected="False"/><Q Title="Medicare" Descrip="Are you currently on Medicare or Medicaid?" A="Yes" B="No" C="" D="" E="" A_Votes="" B_Votes="" C_Votes="" D_Votes="" E_Votes="" SavePoll="True" Selected="False"/><Q Title="Mental Illness" Descrip="Have you suffered from mental illness?" A="Yes" B="No" C="" D="" E="" A_Votes="" B_Votes="" C_Votes="" D_Votes="" E_Votes="" SavePoll="True" Selected="False"/><Q Title="Military" Descrip="Are you on active duty in the military?" A="Yes" B="No" C="" D="" E="" A_Votes="" B_Votes="" C_Votes="" D_Votes="" E_Votes="" SavePoll="True" Selected="False"/><Q Title="Military Service" Descrip="Have you ever been enrolled in the United States armed forces?" A="Yes" B="No" C="" D="" E="" A_Votes="" B_Votes="" C_Votes="" D_Votes="" E_Votes="" SavePoll="True" Selected="False"/><Q Title="Mother Born in the United States" Descrip="Was your mother born in the United States?" A="Yes" B="No" C="" D="" E="" A_Votes="" B_Votes="" C_Votes="" D_Votes="" E_Votes="" SavePoll="True" Selected="False"/><Q Title="Mother's Birthplace" Descrip="What is your Mother&apos;s Birthplace?" A="North America or South America" B="Europe" C="Asia" D="Africa" E="Australia" A_Votes="" B_Votes="" C_Votes="" D_Votes="" E_Votes="" SavePoll="True" Selected="False"/><Q Title="Mother's Education" Descrip="What is the highest level of education that your mother completed?" A="Grade School" B="High School or GED" C="2 year degree" D="4 year degree" E="Masters or PhD" A_Votes="" B_Votes="" C_Votes="" D_Votes="" E_Votes="" SavePoll="True" Selected="False"/><Q Title="Multiple Sclerosis" Descrip="Do you have Multiple Sclerosis?" A="Yes" B="No" C="" D="" E="" A_Votes="" B_Votes="" C_Votes="" D_Votes="" E_Votes="" SavePoll="True" Selected="False"/><Q Title="Neighborhood Safety" Descrip="How safe do you feel in your neighborhood?" A="Very Safe" B="Safe" C="Not Safe" D="Very Unsafe" E="" A_Votes="" B_Votes="" C_Votes="" D_Votes="" E_Votes="" SavePoll="True" Selected="False"/><Q Title="Only Child" Descrip="Are you the only child in your family?" A="Yes" B="No" C="" D="" E="" A_Votes="" B_Votes="" C_Votes="" D_Votes="" E_Votes="" SavePoll="True" Selected="False"/><Q Title="Organized Religion" Descrip="Are you a member of an organized religious group?" A="Yes" B="No" C="" D="" E="" A_Votes="" B_Votes="" C_Votes="" D_Votes="" E_Votes="" SavePoll="True" Selected="False"/><Q Title="Parent's Income" Descrip="What is your parent&apos;s combined yearly income?" A="Less than 10,000 or Not Applicable" B="10,000-29,999" C="30,000-59,999" D="60,000-99,999" E="More than 100,000" A_Votes="" B_Votes="" C_Votes="" D_Votes="" E_Votes="" SavePoll="True" Selected="False"/><Q Title="Part-time student" Descrip="Are you a part-time student?" A="Yes" B="No" C="" D="" E="" A_Votes="" B_Votes="" C_Votes="" D_Votes="" E_Votes="" SavePoll="True" Selected="False"/><Q Title="Political Affiliation" Descrip="What is your political affiliation?" A="Democrat" B="Republican" C="Independent" D="" E="" A_Votes="" B_Votes="" C_Votes="" D_Votes="" E_Votes="" SavePoll="True" Selected="False"/><Q Title="Prison" Descrip="Have you ever been incarcerated?" A="Yes" B="No" C="" D="" E="" A_Votes="" B_Votes="" C_Votes="" D_Votes="" E_Votes="" SavePoll="True" Selected="False"/><Q Title="Race" Descrip="What is your race?" A="White" B="African-American" C="Hispanic" D="Asian-Pacific Islander" E="Native American" A_Votes="" B_Votes="" C_Votes="" D_Votes="" E_Votes="" SavePoll="True" Selected="False"/><Q Title="Religion" Descrip="Which religion do you belong to?" A="Christian" B="Jewish" C="Muslim" D="Hindu" E="Other" A_Votes="" B_Votes="" C_Votes="" D_Votes="" E_Votes="" SavePoll="True" Selected="False"/><Q Title="Religious Services" Descrip="How often do you attend religious services?" A="Daily" B="Weekly" C="Monthly" D="Yearly" E="Not at All" A_Votes="" B_Votes="" C_Votes="" D_Votes="" E_Votes="" SavePoll="True" Selected="False"/><Q Title="Retired" Descrip="Are you retired?" A="Yes" B="No" C="" D="" E="" A_Votes="" B_Votes="" C_Votes="" D_Votes="" E_Votes="" SavePoll="True" Selected="False"/><Q Title="Scholarship" Descrip="Are you on scholarship?" A="Yes" B="No" C="" D="" E="" A_Votes="" B_Votes="" C_Votes="" D_Votes="" E_Votes="" SavePoll="True" Selected="False"/><Q Title="School Administration" Descrip="How satisfied are you with this school&apos;s administration?" A="Very Satisfied" B="Satisfied" C="Unsatisfied" D="Very Unsatisfied" E="" A_Votes="" B_Votes="" C_Votes="" D_Votes="" E_Votes="" SavePoll="True" Selected="False"/><Q Title="Siblings" Descrip="How many brothers and sisters do you have?" A="None" B="1" C="2" D="3" E="4 or more" A_Votes="" B_Votes="" C_Votes="" D_Votes="" E_Votes="" SavePoll="True" Selected="False"/><Q Title="Social Issues" Descrip="On social issues do you consider yourself to be?" A="Very Liberal" B="Liberal" C="Moderate" D="Conservative" E="Very Conservative" A_Votes="" B_Votes="" C_Votes="" D_Votes="" E_Votes="" SavePoll="True" Selected="False"/><Q Title="Social Networks" Descrip="Do you belong to an internet social networking site?" A="Yes" B="No" C="" D="" E="" A_Votes="" B_Votes="" C_Votes="" D_Votes="" E_Votes="" SavePoll="True" Selected="False"/><Q Title="Social Security" Descrip="Are you currently receiving social security benefits?" A="Yes" B="No" C="" D="" E="" A_Votes="" B_Votes="" C_Votes="" D_Votes="" E_Votes="" SavePoll="True" Selected="False"/><Q Title="Social Security Number" Descrip="Do you have a Social Security Number?" A="Yes" B="No" C="" D="" E="" A_Votes="" B_Votes="" C_Votes="" D_Votes="" E_Votes="" SavePoll="True" Selected="False"/><Q Title="Spanish Primary" Descrip="Is Spanish your primary language?" A="Yes" B="No" C="" D="" E="" A_Votes="" B_Votes="" C_Votes="" D_Votes="" E_Votes="" SavePoll="True" Selected="False"/><Q Title="Veteran Status" Descrip="Are you a veteran?" A="Yes" B="No" C="" D="" E="" A_Votes="" B_Votes="" C_Votes="" D_Votes="" E_Votes="" SavePoll="True" Selected="False"/><Q Title="Violent Crime" Descrip="Have you ever been the victim of a violent crime?" A="Yes" B="No" C="" D="" E="" A_Votes="" B_Votes="" C_Votes="" D_Votes="" E_Votes="" SavePoll="True" Selected="False"/><Q Title="Vision" Descrip="Which of the following describes your vision?" A="No vision problems" B="Corrected with contact lenses" C="Corrected with glasses" D="Vision problems" E="" A_Votes="" B_Votes="" C_Votes="" D_Votes="" E_Votes="" SavePoll="True" Selected="False"/><Q Title="Walking Aids" Descrip="Do you currently use a cane or crutches to walk?" A="Yes" B="No" C="" D="" E="" A_Votes="" B_Votes="" C_Votes="" D_Votes="" E_Votes="" SavePoll="True" Selected="False"/><Q Title="Wheelchair" Descrip="Do you use a wheelchair for conveyance?" A="Yes" B="No" C="" D="" E="" A_Votes="" B_Votes="" C_Votes="" D_Votes="" E_Votes="" SavePoll="True" Selected="False"/><Q Title="Work Visa" Descrip="Do you currently have a Work Visa?" A="Yes" B="No" C="" D="" E="" A_Votes="" B_Votes="" C_Votes="" D_Votes="" E_Votes="" SavePoll="True" Selected="False"/><Q Title="Year in School" Descrip="What year in school are you?" A="Freshman" B="Sophomore" C="Junior" D="Senior" E="Graduate Student" A_Votes="" B_Votes="" C_Votes="" D_Votes="" E_Votes="" SavePoll="True" Selected="False"/><Q Title="Youngest Child" Descrip="Are you the youngest child in your family?" A="Yes" B="No" C="" D="" E="" A_Votes="" B_Votes="" C_Votes="" D_Votes="" E_Votes="" SavePoll="True" Selected="False"/></QuestionList>